NAME;TITLE;AUTHOR;MANUFACTURER;PART_MASS;PART_COST;PART_CRASHTOLERANCE;PART_MAXTEMP;WEAPON_RPM;WEAPON_DEVIATION;WEAPON_MAXEFFECTIVEDISTANCE;WEAPON_TYPE;WEAPON_BULLETTYPE;WEAPON_AMMONAME;WEAPON_BULLETMASS;WEAPON_BULLET_VELOCITY;WEAPON_MAXHEAT;WEAPON_HEATPERSHOT;WEAPON_HEATLOSS;CANNON_SHELLPOWER;CANNON_SHELLHEAT;CANNON_SHELLRADIUS;CANNON_AIRDETONATION
hispanoEnclosed;WW2 Hispano MK2 20mm Cannon (Enclosed);VintageXP;Roaken Armory;0.054;800;12;1200;700;0.188;2500;ballistic;20x110mmShell;20mm;0.388;1030;16200;399.3;512.22;8;-1;30;False
NS-30;NS-30;VintageXP;EngineEngineering;0.054;800;12;1200;1000;0.188;2500;ballistic;30mmBullet;30mm;0.388;1030;16200;399.3;512.22;8;-1;30;False
NR-23;NS-23;VintageXP;EngineEngineering;0.054;800;12;1200;850;0.188;2500;ballistic;23x115mmBullet;20mm;0.388;1030;16200;399.3;512.22;8;-1;30;False
N-37;N-37;VintageXP;EngineEngineering;0.054;800;12;1200;400;0.188;2500;ballistic;37MMAP;40mm;0.388;1030;16200;399.3;512.22;8;-1;30;False
DEFA;DEFA;VintageXP;EngineEngineering;0.054;800;12;1200;1700;0.188;2500;ballistic;30mmBullet;30mm;0.388;1030;16200;399.3;512.22;8;-1;30;False
ADEN;ADEN;VintageXP;EngineEngineering;0.054;800;12;1200;1700;0.188;2500;ballistic;30mmBullet;30mm;0.388;1030;16200;399.3;512.22;8;-1;30;False
AN/M3;AN/M3;VintageXP;EngineEngineering;0.054;800;12;1200;890;0.188;2500;ballistic;12.7mmBullet;.50cal;0.388;1030;16200;399.3;512.22;8;-1;30;False
M39A1;M39A1;VintageXP;EngineEngineering;0.054;800;12;1200;1500;0.188;2500;ballistic;20x102mmBullet;20mm;0.388;1030;16200;399.3;512.22;8;-1;30;False
hispanoExposed;WW2 Hispano MK2 20mm Cannon;VintageXP;Roaken Armory;0.048;800;12;1200;710;0.215;2500;ballistic;20x110mmShell;20mm;0.388;1030;14400;399.3;515.86;8;-1;30;False
Mg151Long;WW2 MG 151 15mm Long Barrel;VintageXP;Roaken Armory;0.04;800;12;1200;700;0.29;2500;ballistic;15x96mmBullet;15mm;0.388;1030;12600;246.24;609.58;8;-1;30;False
Mg151Short;WW2 MG 151 15mm Short Barrel;VintageXP;Roaken Armory;0.038;800;12;1200;710;0.32;2500;ballistic;15x96mmBullet;15mm;0.388;1030;11400;241.14;601.2;8;-1;30;False
MG151WingPod;WW2 MG 151 20mm Surface Mounted;VintageXP;Roaken Armory;0.045;800;12;1200;700;0.265;2500;ballistic;20x82mmShell;20mm;0.388;1030;13500;241.14;596.95;8;-1;30;False
ShVAKWing;WW2 ShVAK 20mm Wing Mounted Cannon;VintageXP;Roaken Armory;0.042;800;12;1200;800;0.249;2500;ballistic;20x99mmShell;20mm;0.388;1030;12600;332.82;627.57;8;-1;30;False
ShVAKBody;WW2 ShVAK 20mm Body Port Cannon;VintageXP;Roaken Armory;0.041;800;12;1200;800;0.261;2500;ballistic;20x99mmShell;20mm;0.388;1030;12300;340.61;642.25;8;-1;30;False
Bk75;WW2 Bk 7.5 75mm Cannon;VintageXP;Roaken Armory;1.2;800;12;1200;30;0.08;2500;ballistic;75mmShell;75mm;0.388;1030;21150;13290.4;2820;3.6;9.5;4.2;False
Mk108;WW2 MK 108 30mm Cannon;VintageXP;Roaken Armory;0.06;800;12;1200;650;0.16;2500;ballistic;30x90mmMGeschoss;30mm;0.388;1030;17400;451.07;464;2.5;5.4;2.5;False
VickersShortPod;WW2 Vickers S 40mm Cannon;VintageXP;Roaken Armory;0.134;800;12;1200;100;0.12;2500;ballistic;40x158mmShell;40mm;0.388;1030;16080;4142.47;1340;3;6.8;3;False
VYa23;WW2 VYa-23 23mm Cannon;VintageXP;Roaken Armory;0.068;800;12;1200;650;0.16;2500;ballistic;23x152mmBullet;23mm;0.388;1030;20400;729.44;544;2;3.7;2.5;False
BerezinUBK;WW2 Berezin UBK 12.7mm Long Barrel;VintageXP;Roaken Armory;0.025;800;12;1200;1050;0.436;2500;ballistic;12.7x108mmBullet;.50cal;0.388;1030;7500;174.61;435.76;8;-1;30;False
BredaSAFATLong;WW2 Breda-SAFAT 7.7mm MG Long Barrel;VintageXP;Roaken Armory;0.0125;800;12;1200;900;0.66;2500;ballistic;7.7x56RmmBullet;7mm;0.388;1030;1875;28.24;164.28;8;-1;30;False
BredaSAFATPort;WW2 Breda-SAFAT 7.7mm MG Port;VintageXP;Roaken Armory;0.011;800;12;1200;900;0.73;2500;ballistic;7.7x56RmmBullet;7mm;0.388;1030;1650;27.48;159.87;8;-1;30;False
M2Blister;WW2 Browning M2 .50 Blister Pod;VintageXP;Roaken Armory;0.05;800;12;1200;850;0.4;2500;ballistic;12.7x99mmBullet;.50cal;0.388;1030;8700;155.94;461.87;8;-1;30;False
M2ExposedBarrel;WW2 Browning M2 .50 Long Barrel;VintageXP;Roaken Armory;0.029;800;12;1200;850;0.4;2500;ballistic;12.7x99mmBullet;.50cal;0.388;1030;8700;155.94;461.87;8;-1;30;False
M2GunPort;WW2 Browning M2 .50 Port;VintageXP;Roaken Armory;0.026;800;12;1200;850;0.43;2500;ballistic;12.7x99mmBullet;.50cal;0.388;1030;7800;152.46;451.55;8;-1;30;False
M2Pod;WW2 Browning M2 .50 Surface Mounted;VintageXP;Roaken Armory;0.029;800;12;1200;850;0.4;2500;ballistic;12.7x99mmBullet;.50cal;0.388;1030;8700;155.94;461.87;8;-1;30;False
MG131;WW2 MG 131 13mm Surface Mounted;VintageXP;Roaken Armory;0.0166;800;12;1200;900;0.51;2500;ballistic;13x64mmBullet;13mm;0.388;1030;4980;101.51;337.5;8;-1;30;False
shKAS;WW2 ShKAS 7.62mm;VintageXP;Roaken Armory;0.01;800;12;1200;1800;1.24;2500;ballistic;7.62x54mmBullet;7mm;0.388;1030;2000;34.06;123.51;8;-1;30;False
BallTurret;WW2 Ball Turret .50 Cal;VintageXP;Roaken Armory;0.54;800;12;1200;850;0.4;2500;ballistic;12.7x99mmBullet;.50cal;0.388;1030;8700;155.94;461.87;8;-1;30;False
bahaGatlingGun;Vulcan Turret;BahamutoD;Bahamuto Dynamics;0.2;950;60;3600;5500;0.175;2500;ballistic;20x102mmHEBullet;20x102Ammo;0.388;1030;3600;36;820;8;-1;30;False
bahaTurret;.50cal Turret;BahamutoD;Bahamuto Dynamics;0.15;950;60;3600;450;0.65;2500;ballistic;12.7mmBullet;50CalAmmo;0.388;1030;3600;100;1000;8;-1;30;False
bahaABL;USAF Airborne Laser;BahamutoD;Bahamuto Dynamics;0.8;7600;60;3600;850;0.0125;5000;laser;def;ElectricCharge;0.388;1030;3600;40;740;8;-1;30;False
bahaBrowningAnm2;Browning .50cal AN/M2;BahamutoD;Bahamuto Dynamics;0.04;950;60;3600;750;0.6;2500;ballistic;12.7mmBullet;50CalAmmo;0.388;1030;3600;120;820;8;-1;30;False
bahaGau-8;GAU-8 30x173mm Cannon;BahamutoD;Bahamuto Dynamics;0.55;950;60;3600;3900;0.45;4000;ballistic;30x173HEBullet;30x173Ammo;0.388;1030;3600;56;740;8;-1;30;False
bahaGoalKeeper;Goalkeeper CIWS;BahamutoD;Bahamuto Dynamics;4;950;50;3600;4200;0.5;4000;ballistic;30x173HEBullet;30x173Ammo;0.388;1030;3600;36;900;8;-1;30;True
GoalKeeperBDAcMk1;GoalkeeperMk1 CIWS;BahamutoD;Bahamuto Dynamics;4;750;50;3600;4200;0.5;4000;ballistic;30x173Bullet;30x173Ammo;0.388;1030;3600;36;900;8;-1;30;True
BDAcGKmk2;Goalkeeper MK2 CIWS;BahamutoD;Bahamuto Dynamics;4.4;950;50;3600;4200;0.4;4000;ballistic;30x173Bullet;30x173Ammo;0.388;1030;3600;36;900;8;-1;30;True
bahaHiddenVulcan;Vulcan (Hidden);BahamutoD;Bahamuto Dynamics;0.1;950;60;3600;5500;0.125;2500;ballistic;20x102mmHEBullet;20x102Ammo;0.388;1030;3600;36;820;8;-1;30;False
bahaM102Howitzer;M102 Howitzer (Radial);BahamutoD;Bahamuto Dynamics;1;3500;60;3600;13;0.25;8000;ballistic;105mmBullet;CannonShells;0.388;1030;3600;60;740;8;-1;30;False
bahaM1Abrams;M1 Abrams Cannon;BahamutoD;Bahamuto Dynamics;2;3500;125;3600;10;0.2;8000;ballistic;120mmBullet;CannonShells;0.388;1030;3600;60;740;8;-1;30;False
bahaM230ChainGun;M230 Chain Gun Turret;BahamutoD;Bahamuto Dynamics;0.1;950;60;3600;625;0.4;2500;ballistic;30x173HEBullet;30x173Ammo;0.388;1030;3600;166;820;8;-1;30;False
bahaOMillennium;Oerlikon Millennium Cannon;BahamutoD;Bahamuto Dynamics;2;3500;125;3600;850;0.47;3800;ballistic;30x173HEBullet;30x173Ammo;0.388;1030;3600;200;740;8;-1;30;True
M18HellcatAP;M18 Hellcat AP;Marhfg;Fox Defense Contracts;2.66;3425;250;3600;8;0.039;13400;ballistic;76MMAP;76.2x601mmR;0.388;1030;3600;60;740;8;-1;30;False
M18HellcatAPCBC;M18 Hellcat APCBC;Marhfg;Fox Defense Contracts;2.66;3425;250;3600;8;0.039;13400;ballistic;76MMAPCBC;76.2x601mmR;0.388;1030;3600;60;740;8;-1;30;False
M18HellcatAPCR;M18 Hellcat APCR;Marhfg;Fox Defense Contracts;2.66;3425;250;3600;8;0.039;13400;ballistic;76MMAPCR;76.2x601mmR;0.388;1030;3600;60;740;8;-1;30;False
M18Hellcat;M18 Hellcat HE;Marhfg;Fox Defense Contracts;2.66;3425;250;3600;8;0.039;13400;cannon;76MMHE;76.2x601mmR;0.388;1030;3600;60;740;8;-1;30;False
AbramsA2AP;M1A2 Abrams APFSDS;Marhfg;Fox Defense Contracts;9.26;3425;250;3600;8;0.027;8000;ballistic;M829APFSDS;M829;0.388;1030;3600;60;740;8;-1;30;False
AbramsA2HEAT;M1A2 Abrams HEAT-FS;Marhfg;Fox Defense Contracts;9.26;3425;250;3600;8;0.027;8000;ballistic;M829HEAT-FS;M829;0.388;1030;3600;60;740;8;-1;30;False
M36JacksonAP;M36 Jackson AP;Marhfg;Fox Defense Contracts;4.62;3425;250;3600;5;0.035;9000;ballistic;90MMM36AP;90x830mmR;0.388;1030;3600;60;740;8;-1;30;False
M36JacksonAPCBC;M36 Jackson APCBC;Marhfg;Fox Defense Contracts;4.62;3425;250;3600;5;0.035;9000;ballistic;90MMM36APCBC;90x830mmR;0.388;1030;3600;60;740;8;-1;30;False
M36JacksonAPCR;M36 Jackson APCR;Marhfg;Fox Defense Contracts;4.62;3425;250;3600;5;0.035;9000;ballistic;90MMM36APCR;90x830mmR;0.388;1030;3600;60;740;8;-1;30;False
M36JacksonHE;M36 Jackson HE;Marhfg;Fox Defense Contracts;4.62;3425;250;3600;5;0.035;9000;ballistic;90MMM36HE;90x830mmR;0.388;1030;3600;60;740;8;-1;30;False
M3Bradly;M3 Bradley APDS;Marhfg;Fox Defense Contracts;4.125;3425;250;3600;200;0.057;6750;ballistic;M791APDS;M791;0.388;1030;3600;60;740;8;-1;30;False
M3Stuart;M3 Stuart AP;Marhfg;Fox Defense Contracts;2;3425;250;3600;15;0.041;6900;ballistic;37MMAP;37x223mmR;0.388;1030;3600;60;740;8;-1;30;False
M3StuartAPC;M3 Stuart APC;Marhfg;Fox Defense Contracts;2;3425;250;3600;15;0.041;6900;ballistic;37MMAPC;37x223mmR;0.388;1030;3600;60;740;8;-1;30;False
M41;M41HMC Howitzer;Marhfg;Fox Defense Contracts;2.85;3425;250;3600;2;0.082;15000;cannon;155MMHE;155x925mmR;0.388;1030;3600;2500;500;8;-1;30;False
M60A3;M60A3 105MM APDS;Marhfg;Fox Defense Contracts;7;3425;250;3600;6;0.033;4000;ballistic;105MMAPDS;105x607mmR;0.388;1030;3600;60;740;8;-1;30;False
M60A3HeatFS;M60A3 105MM HEATFS;Marhfg;Fox Defense Contracts;7;3425;250;3600;6;0.033;4000;cannon;105MMHEATFS;105x607mmR;0.388;1030;3600;60;740;8;-1;30;False
M60A3HESH;M60A3 105MM HESH;Marhfg;Fox Defense Contracts;7;3425;250;3600;6;0.033;4000;cannon;105MMHESH;105x607mmR;0.388;1030;3600;60;740;8;-1;30;False
M60A3120APFSDS;M60A3 120MM APFSDS;Marhfg;Fox Defense Contracts;7;3425;250;3600;6;0.033;4000;ballistic;120MMAPFSDS;120x248mmR;0.388;1030;3600;60;740;8;-1;30;False
M60A3120Heat;M60A3 120MM HEAT;Marhfg;Fox Defense Contracts;7;3425;250;3600;6;0.033;40000;ballistic;120MMHEAT;120x248mmR;0.388;1030;3600;60;740;8;-1;30;False
MBT-70;MBT-70 APFSDS;Marhfg;Fox Defense Contracts;7.8;2700;250;3600;6;0.0144;2000;ballistic;152MMAPFSDS;152mmXM-150E5;0.388;1030;3600;60;740;8;-1;30;False
MBT-70HEAT;MBT-70 HEAT;Marhfg;Fox Defense Contracts;7.8;2700;250;3600;6;0.0144;2500;ballistic;152MMHEAT;152mmXM-150E5;0.388;1030;3600;60;740;8;-1;30;False
SJAP;Sherman Jumbo AP;Marhfg;Fox Defense Contracts;5;3425;250;3600;8;0.038;14000;ballistic;76MMAP;76.2x601mmR;0.388;1030;3600;60;740;8;-1;30;False
SJAPCBC;Sherman Jumbo APCBC;Marhfg;Fox Defense Contracts;5;3425;250;3600;8;0.038;14000;ballistic;76MMAPCBC;76.2x601mmR;0.388;1030;3600;60;740;8;-1;30;False
SJAPCR;Sherman Jumbo APCR;Marhfg;Fox Defense Contracts;5;3425;250;3600;8;0.038;14000;ballistic;76MMAPCR;76.2x601mmR;0.388;1030;3600;60;740;8;-1;30;False
SJHE;Sherman Jumbo HE;Marhfg;Fox Defense Contracts;5;3425;250;3600;8;0.038;14000;cannon;76MMHE;76.2x601mmR;0.388;1030;3600;60;740;8;-1;30;False
T95;T-95 HE;Marhfg;Fox Defense Contracts;4.3;3425;250;3600;3;0.038;1900;cannon;105MMTHE;105x654mmR;0.388;1030;3600;60;740;8;-1;30;False
T95APCR;T-95 APCR;Marhfg;Fox Defense Contracts;4.3;3425;250;3600;3;0.038;1900;ballistic;105MMTAPCR;105x654mmR;0.388;1030;3600;60;740;8;-1;30;False
T95APCBC;T-95 APCBC;Marhfg;Fox Defense Contracts;4.3;3425;250;3600;3;0.038;1900;ballistic;105MMTAPCBC;105x654mmR;0.388;1030;3600;60;740;8;-1;30;False
T26E4;T26E4 AP;Marhfg;Fox Defense Contracts;7.5;2700;250;3600;4;0.038;3200;ballistic;90MMAP;90x830mmR;0.388;1030;3600;60;740;8;-1;30;False
T26E4CamoHE;T26E4 HE;Marhfg;Fox Defense Contracts;7.5;2700;250;3600;4;0.038;17890;cannon;90MMHE;90x830mmR;0.388;1030;3600;60;740;8;-1;30;False
T26E4CamoAPCBC;T26E4 APCBC;Marhfg;Fox Defense Contracts;7.5;2700;250;3600;4;0.038;3200;cannon;90MMAPCBC;90x830mmR;0.388;1030;3600;60;740;8;-1;30;False
T26E4CamoAPCR;T26E4 APCR;Marhfg;Fox Defense Contracts;7.5;2700;250;3600;4;0.038;3200;ballistic;90MMAPCR;90x830mmR;0.388;1030;3600;60;740;8;-1;30;False
T57AP-T;T57 Heavy Tank Turret AP-T;Marhfg;Fox Defense Contracts;8.2;3425;250;3600;35;0.035;4000;ballistic;120MMAP-T;120x248mmR;0.388;1030;6000;2100;300;8;-1;30;False
T57HEATFS;T57 Heavy Tank Turret HEATFS;Marhfg;Fox Defense Contracts;8.2;3425;250;3600;35;0.035;4000;cannon;120MMHEATFS;120x248mmR;0.388;1030;6000;2100;300;8;-1;30;False
Cromwell;Cromwell Mk.V AP;Marhfg;Fox Defense Contracts;4.2;2700;250;3600;9;0.041;5500;ballistic;75MMAP;QF75MM;0.388;1030;3600;60;740;8;-1;30;False
CromwellHE;Cromwell Mk.V HE;Marhfg;Fox Defense Contracts;4.2;2700;250;3600;9;0.041;8000;cannon;75MMHE;QF75MM;0.388;1030;3600;60;740;8;-1;30;False
CromwellAPCBC;Cromwell Mk.V APCBC;Marhfg;Fox Defense Contracts;4.2;2700;250;3600;9;0.041;8000;ballistic;75MMAPCBC;QF75MM;0.388;1030;3600;60;740;8;-1;30;False
FV4005APCR;FV4005 Stage II 183MM APCR;Marhfg;Fox Defense Contracts;9;3425;250;4200;2;0.036;16900;ballistic;183MMAPCR;183MMRound;0.388;1030;3600;60;740;8;-1;30;False
FV4005HESH2;FV4005 Stage II 183MM HESH;Marhfg;Fox Defense Contracts;9;3425;250;4200;2;0.036;16900;cannon;183MMHESH;183MMRound;0.388;1030;3600;60;740;8;-1;30;False
TortoiseAPCBC;Tortoise Gun APCBC;Marhfg;Fox Defense Contracts;4.07;3425;250;3600;5;0.033;5000;ballistic;94MMAPCBC;94x737mmR;0.388;1030;3600;60;740;8;-1;30;False
TortoiseHE;Tortoise Gun HE;Marhfg;Fox Defense Contracts;4.07;3425;250;3600;5;0.033;5000;ballistic;94MMHE;94x737mmR;0.388;1030;3600;60;740;8;-1;30;False
Amx50B;Amx 50B APC;Marhfg;Fox Defense Contracts;8.67;2700;250;4200;1;0.035;4500;ballistic;120MMFAP;120x467mmR;0.388;1030;4500;2100;300;8;-1;30;False
Amx50BHE;Amx 50B HE;Marhfg;Fox Defense Contracts;8.67;2700;250;4200;1;0.035;4500;cannon;120MMFHE;120x467mmR;0.388;1030;4500;2100;300;8;-1;30;False
AmxELCbis;Amx ELC Bis APC;Marhfg;Fox Defense Contracts;1.01;2700;250;4200;4;0.038;3200;ballistic;90MMAPC;90MM MLE;0.388;1030;4500;2100;300;8;-1;30;False
AmxELCbisHE;Amx ELC Bis HE;Marhfg;Fox Defense Contracts;1.01;2700;250;4200;4;0.038;17890;cannon;90MMBHE;90MM MLE;0.388;1030;4500;2100;300;8;-1;30;False
ARL44;ARL 44 APC;Marhfg;Fox Defense Contracts;7.5;2700;250;4200;6;0.038;3200;ballistic;90MMARLAPC;90MM MLE;0.388;1030;4500;100;300;8;-1;30;False
ARL44HE;ARL 44 HE;Marhfg;Fox Defense Contracts;7.5;2700;250;4200;6;0.038;17890;cannon;90MMARLHE;90MM MLE;0.388;1030;4500;100;300;8;-1;30;False
BatChat25;BatChat_25T APC;Marhfg;Fox Defense Contracts;3.75;2700;250;4200;15;0.038;3200;ballistic;90MMAPC;90MM MLE;0.388;1030;4500;2100;300;8;-1;30;False
BatChat25HE;BatChat_25T HE;Marhfg;Fox Defense Contracts;3.75;2700;250;4200;15;0.038;17890;ballistic;90MMBHE;90MM MLE;0.388;1030;4500;2100;300;8;-1;30;False
JadgTiger;JadgTiger 128mm APC;Marhfg;Fox Defense Contracts;1.8;1560;100;3600;3;0.033;24000;ballistic;128MMAPC;128x869mmR;0.388;1030;3600;60;740;8;-1;30;False
JadgTigerAPCBC;JadgTiger 128mm APCBC;Marhfg;Fox Defense Contracts;1.8;1560;100;3600;3;0.033;24000;ballistic;128MMAPCBC;128x869mmR;0.388;1030;3600;60;740;8;-1;30;False
JadgTigerHE;JadgTiger 128mm HE;Marhfg;Fox Defense Contracts;1.8;1560;100;3600;3;0.033;24000;cannon;128MMHE;128x869mmR;0.388;1030;3600;60;740;8;-1;30;False
PantherII;PantherII Turret APCBC;Marhfg;Fox Defense Contracts;8;3425;250;3600;6;0.034;9300;ballistic;88MMAPCBC;88x822mmR;0.388;1030;3600;60;740;8;-1;30;False
PantherIIHEAT;PantherII Turret HEAT;Marhfg;Fox Defense Contracts;8;3425;250;3600;6;0.034;9300;cannon;88MMHEAT;88x822mmR;0.388;1030;3600;60;740;8;-1;30;False
PantherIIAPCR;PantherII Turret APCR;Marhfg;Fox Defense Contracts;8;3425;250;3600;6;0.034;9300;ballistic;88MMAPCR;88x822mmR;0.388;1030;3600;60;740;8;-1;30;False
PantherIIHE;PantherII Turret HE;Marhfg;Fox Defense Contracts;8;3425;250;3600;6;0.034;9300;cannon;88MMHE;88x822mmR;0.388;1030;3600;60;740;8;-1;30;False
PanzerIVAPCBC;PanzerIV APCBC;Marhfg;Fox Defense Contracts;3.9;3425;250;3600;8;0.041;7700;ballistic;75MMPzAPCBC;75×495mmR;0.388;1030;3600;60;740;8;-1;30;False
PanzerIVHEAT;PanzerIV HEAT;Marhfg;Fox Defense Contracts;3.9;3425;250;3600;8;0.041;7700;ballistic;75MMPzHEAT;75×495mmR;0.388;1030;3600;60;740;8;-1;30;False
PanzerIVAPCR;PanzerIV APCR;Marhfg;Fox Defense Contracts;3.9;3425;250;3600;8;0.041;7700;ballistic;75MMAPCR;75×495mmR;0.388;1030;3600;60;740;8;-1;30;False
PanzerIVHE;PanzerIV HE;Marhfg;Fox Defense Contracts;3.9;3425;250;3600;8;0.041;7700;ballistic;75MMPzHE;75×495mmR;0.388;1030;3600;60;740;8;-1;30;False
StugIIIAPCBC;StugIII APCBC;Marhfg;Fox Defense Contracts;1.2;3425;250;3600;8;0.039;7700;ballistic;75MMPzAPCBC;75×495mmR;0.388;1030;3600;60;740;8;-1;30;False
StugIIIHEAT;StugIII HEAT;Marhfg;Fox Defense Contracts;1.2;3425;250;3600;8;0.039;7700;ballistic;75MMPzHEAT;75×495mmR;0.388;1030;3600;60;740;8;-1;30;False
StugIIIHE;StugIII HE;Marhfg;Fox Defense Contracts;1.2;3425;250;3600;8;0.039;7700;ballistic;75MMPzHE;75×495mmR;0.388;1030;3600;60;740;8;-1;30;False
StugIIIAPCR;StugIII APCR;Marhfg;Fox Defense Contracts;1.2;3425;250;3600;8;0.039;7700;ballistic;75MMAPCR;75×495mmR;0.388;1030;3600;60;740;8;-1;30;False
TigerII;Tiger II Turret APCBC;Marhfg;Fox Defense Contracts;10.2;3425;250;3600;6;0.034;9300;ballistic;88MMAPCBC;88x822mmR;0.388;1030;3600;60;740;8;-1;30;False
TigerIIHEAT;Tiger II Turret HEAT;Marhfg;Fox Defense Contracts;10.2;3425;250;3600;6;0.034;9300;cannon;88MMHEAT;88x822mmR;0.388;1030;3600;60;740;8;-1;30;False
TigerIIAPCR;Tiger II Turret APCR;Marhfg;Fox Defense Contracts;10.2;3425;250;3600;6;0.034;9300;ballistic;88MMAPCR;88x822mmR;0.388;1030;3600;60;740;8;-1;30;False
TigerIIHE;Tiger II Turret HE;Marhfg;Fox Defense Contracts;10.2;3425;250;3600;6;0.034;9300;cannon;88MMHE;88x822mmR;0.388;1030;3600;60;740;8;-1;30;False
BMP3HE;BMP-3 HE;Marhfg;Fox Defense Contracts;2.8;3425;250;8600;10;0.049;8000;cannon;3UOF19HET;3UOF19;0.388;1030;3600;60;740;8;-1;30;False
IS2APHE;IS-2 APHE;Marhfg;Fox Defense Contracts;7;3425;250;3600;2;0.046;7500;ballistic;122MMAPHE;122x785mmR;0.388;1030;3600;60;740;8;-1;30;False
IS-2HE;IS-2 HE;Marhfg;Fox Defense Contracts;7;3425;250;3600;2;0.046;7500;cannon;122MMHE;122x785mmR;0.388;1030;3600;60;740;8;-1;30;False
IS-2APHEBC;IS-2 APHEBC;Marhfg;Fox Defense Contracts;7;3425;250;3600;2;0.046;7500;ballistic;122MMAPHEBC;122x785mmR;0.388;1030;3600;60;740;8;-1;30;False
T-10APDS;T-10/IS-8 APDS;Marhfg;Fox Defense Contracts;7.5;3425;250;3600;3;0.046;20400;ballistic;122MMAPDS;122x785mmR;0.388;1030;3600;60;740;8;-1;30;False
T-10HEATFS;T-10/IS-8 HEATFS;Marhfg;Fox Defense Contracts;7.5;3425;250;3600;3;0.046;20400;cannon;122MMHEATFS;122x785mmR;0.388;1030;3600;60;740;8;-1;30;False
T-10APCBC;T-10/IS-8 APCBC;Marhfg;Fox Defense Contracts;7.5;3425;250;3600;3;0.046;20400;ballistic;122MMTAPCBC;122x785mmR;0.388;1030;3600;60;740;8;-1;30;False
T-10HE;T-10/IS-8 HE;Marhfg;Fox Defense Contracts;7.5;3425;250;3600;3;0.046;20400;cannon;122MMTHE;122x785mmR;0.388;1030;3600;60;740;8;-1;30;False
T-34APHE;T-34 APHE;Marhfg;Fox Defense Contracts;4.6;3425;250;4800;6;0.037;15000;ballistic;85MMAPHE;85x629mmR;0.388;1030;3600;60;740;8;-1;30;False
T-34HE;T-34 HE;Marhfg;Fox Defense Contracts;4.6;3425;250;4800;6;0.037;15000;cannon;85MMHE;85x629mmR;0.388;1030;3600;60;740;8;-1;30;False
T-34APCR;T-34 APCR;Marhfg;Fox Defense Contracts;4.6;3425;250;4800;6;0.037;15000;ballistic;85MMAPCR;85x629mmR;0.388;1030;3600;60;740;8;-1;30;False
T-34APHEBC;T-34 APHEBC;Marhfg;Fox Defense Contracts;4.6;3425;250;4800;6;0.037;15000;cannon;85MMAPHEBC;85x629mmR;0.388;1030;3600;60;740;8;-1;30;False
T-44APHE;T-44 APHE;Marhfg;Fox Defense Contracts;4.8;3425;250;3600;2;0.043;18000;ballistic;122MMAPHE;122x785mmR;0.388;1030;3600;60;740;8;-1;30;False
T-44HE;T-44 HE;Marhfg;Fox Defense Contracts;4.8;3425;250;3600;2;0.043;18000;cannon;122MMHE;122x785mmR;0.388;1030;3600;60;740;8;-1;30;False
T-44APHEBC;T-44 APHEBC;Marhfg;Fox Defense Contracts;4.8;3425;250;3600;2;0.043;18000;ballistic;122MMAPHEBC;122x785mmR;0.388;1030;3600;60;740;8;-1;30;False
T-54APHE;T-54 APHE;Marhfg;Fox Defense Contracts;5.4;3425;250;3600;6;0.039;14000;ballistic;100MMAPHE;100x535mmR;0.388;1030;3600;60;740;8;-1;30;False
T-54HE;T-54 HE;Marhfg;Fox Defense Contracts;5.4;3425;250;3600;6;0.039;14000;cannon;100MMHE;100x535mmR;0.388;1030;3600;60;740;8;-1;30;False
T-54APCBC;T-54 APCBC;Marhfg;Fox Defense Contracts;5.4;3425;250;3600;6;0.039;14000;ballistic;100MMAPCBC;100x535mmR;0.388;1030;3600;60;740;8;-1;30;False
T-54APCR;T-54 APCR;Marhfg;Fox Defense Contracts;5.4;3425;250;3600;6;0.039;14000;ballistic;100MMAPCR;100x535mmR;0.388;1030;3600;60;740;8;-1;30;False
T-64APFSDS;T-64A APFSDS;Marhfg;Fox Defense Contracts;5.7;3425;250;3600;8;0.032;8000;ballistic;3BM22APFSDS;3BM22;0.388;1030;3600;60;740;8;-1;30;False
T-64HEATFS;T-64A HEAT-FS;Marhfg;Fox Defense Contracts;5.7;3425;250;3600;8;0.032;8000;ballistic;3BM22HEATFS;3BM22;0.388;1030;3600;60;740;8;-1;30;False
59-94;CN 59-94 Turret;BahamutoD & Kerwis;Kerbal Liberation Army;8;3500;500;3600;8;0.001;20000;ballistic;105MM-94;CannonShells;0.388;1030;500;60;740;8;-1;30;False
89Zjq;CN QJZ89 HMG;BahamutoD & Kerwis;Kerbal Liberation Army;0.017;950;60;36000;600;0.25;2500;ballistic;50BMG;50CalAmmo;0.388;1030;3600;120;820;8;-1;30;False
CH-100MM;CN CH-100MM Cannon;BahamutoD & Kerwis;Kerbal Liberation Army;15;3500;999999;36000;78;0.35;30000;ballistic;100mmAPHE;CannonShells;0.388;1030;3600;600;1200;8;-1;30;False
H/PJ-38;CN H/PJ-38(130MM);BahamutoD & Kerwis;Kerbal Liberation Army;25;3500;999999;36000;35;0.02;45000;ballistic;130mmAPHE;CannonShells;0.388;1030;5600;800;2500;8;-1;30;False
LD2000;CN LD2000 CIWS;BahamutoD & Kerwis;Kerbal Liberation Army;1.5;950;50;3600;5800;0.05;4000;ballistic;30x173HEBullet;30x173Ammo;0.388;1030;36000;72;3600;2;4;2.32;True
PGZ-07;CN PGZ-07 AAA;Kerbal armed;Kerbal Liberation Army;2.5;950;500;3600;550;0.05;10000;ballistic;35MMHEBullet;30x173Ammo;0.388;1030;10800;36;1800;8;-1;30;True
PLZ05;CN PLZ05;BahamutoD & Kerwis;Kerbal Liberation Army;15;3500;200;3600;10;0.001;50000;ballistic;155mmHE;CannonShells;0.388;1030;360000;60;740;8;-1;30;False
ZBL09;CN ZBL08 Gun Turret;BahamutoD & Kerwis;Kerbal Liberation Army;1.5;950;600;3600;450;0.05;15000;ballistic;30MM-Intelligent;30x173Ammo;0.388;1030;12000;200;1200;8;-1;30;False
ZTZ15.Turret;CN ZTZ-15 Tank_Turret;BahamutoD & Kerwis;Kerbal Liberation Army;7.5;300;1500;3600;15;0.001;15000;ballistic;125MM-APFSDS;CannonShells;0.388;1030;3600;0;740;8;-1;30;False
99A2turret;CN 99A2 Turret;BahamutoD & Kerwis;Kerbal Liberation Army;12;3500;500;3600;15;0.001;40000;ballistic;125MM-APFSDS;CannonShells;0.388;1030;500;60;740;8;-1;30;False
Bk27;EU Mauser BK-27;Kerbal armed;Kerbal Liberation Army;0.1;950;500;3600;1700;0.08;10000;ballistic;27×145HEBullet;30x173Ammo;0.388;1030;5400;27;3000;8;-1;30;False
CROWS7.62;EU MG3 CROWS;BahamutoD & Kerwis;Kerbal Liberation Army;0.011;950;60;3600;1300;0.1;5000;ballistic;7.62X51mmBullet;7.62X51mmAMMO;0.388;1030;360000;120;820;8;-1;30;False
FlareCannon;Italian OTO1934 Cannon;Kerbal armed;Kerbal Liberation Army;0.8;3500;500;3600;10;0.5;5000;ballistic;120MMFLARE;CannonShells;0.388;1030;3600;60;740;8;-1;30;True
HS404;FR Hispano-Suiza HS.404;Kerbal armed;Kerbal Liberation Army;0.043;950;500;3600;600;0.01;10000;ballistic;20x110mmBullet;20x102Ammo;0.388;1030;5400;30;3000;8;-1;30;False
MG151;Germany MG151/20;Kerbal armed;Kerbal Liberation Army;0.042;950;500;3600;750;0.05;10000;ballistic;20x82mmBullet;20x102Ammo;0.388;1030;5400;27;3000;8;-1;30;False
MK103;Germany MK103;Kerbal armed;Kerbal Liberation Army;0.141;950;500;3600;400;0.05;10000;ballistic;30x173HEBullet;30x173Ammo;0.388;1030;5400;27;3000;8;-1;30;False
VickersMG;EN VickersMG;BahamutoD & Kerwis;Kerbal Liberation Army;0.00134;200;100;3600;965;0.1;2500;ballistic;7.7mmVickers;KISAMMO;0.388;1030;3600;12;820;8;-1;30;False
2S25turret;RU 2S25M-2 Turret (125MM);BahamutoD & Kerwis;Kerbal Liberation Army;3.2;3500;500;3600;15;0.001;32000;ballistic;125MM-APFSDS;CannonShells;0.388;1030;500;60;740;8;-1;30;False
AK176;RU AK176MA Cannon;BahamutoD & Kerwis;Kerbal Liberation Army;6.5;3500;999999;3600;134;0.08;20000;ballistic;76MMAPHE;CannonShells;0.388;1030;3600;60;740;8;-1;30;True
AK630;RU AK630 CIWS;BahamutoD & Kerwis;Kerbal Liberation Army;1.5;950;50;360000;4000;0.64;4000;ballistic;30x173HEBullet;30x173Ammo;0.388;1030;36000;36;900;2;4;2.32;False
D30;RU D30;BahamutoD & Kerwis;Kerbal Liberation Army;2.3;3500;60;3600;10;0.4;30000;ballistic;122mmHE;CannonShells;0.388;1030;3600;60;740;8;-1;30;False
GSH230;RU Gryazev-Shipunov GSh-30-2K;Kerbal armed;Kerbal Liberation Army;0.1;950;500;3600;2400;0.01;10000;ballistic;30x165K;30x173Ammo;0.388;1030;36000;30;3000;8;-1;30;False
GSH301;RU Gryazev-Shipunov GSh-301;Kerbal armed;Kerbal Liberation Army;0.046;950;500;3600;1500;0.01;10000;ballistic;30x165HE;30x173Ammo;0.388;1030;36000;30;3000;8;-1;30;False
KORD;RU KORD;BahamutoD & Kerwis;Kerbal Liberation Army;0.021;950;60;36000;700;0.25;2500;ballistic;50BMG;50CalAmmo;0.388;1030;3600;120;820;8;-1;30;False
O120;RU SU-152 Taran (152MM);BahamutoD & Kerwis;Kerbal Liberation Army;5;3500;500;3600;6;0.01;32000;ballistic;152MM-APFSDS;CannonShells;0.388;1030;500;60;740;8;-1;30;False
Rail176;RU 76MM Railgun;BahamutoD & Kerwis;Kerbal Liberation Army;3.4;3500;999999;3600;15;0.01;20000;ballistic;76MMRail;CannonShells;0.388;1030;3600;60;740;8;-1;30;False
ShVAK-E;RU ShVAK-E（light）;BahamutoD & Kerwis;Kerbal Liberation Army;0.045;950;60;3600;800;0.25;5000;ballistic;20x99mmBullet;20x102Ammo;0.388;1030;3600;120;820;8;-1;30;False
T62M1;RU T-62-M1 Turret;BahamutoD & Kerwis;Kerbal Liberation Army;10;3500;60;3600;10;0.1;10000;ballistic;3BM28;CannonShells;0.388;1030;3600;60;740;8;-1;30;False
TU423;RU NS23 BOMBER TURRET;BahamutoD & Kerwis;Kerbal Liberation Army;0.12;950;60;3600;550;0.15;5000;ballistic;23x115mmBullet;20x102Ammo;0.388;1030;4500;150;1500;8;-1;30;False
UPK-23;RU UPK-23 GUNPOD;Kerbal Liberation Army;Kerbal Liberation Army;0.02;950;600;3600;800;0.2;2500;ballistic;23x115mmBullet;20x102Ammo;0.388;1030;3600;36;820;8;-1;30;False
CROWS;CN CROWS;BahamutoD & Kerwis;Kerbal Liberation Army;0.03;950;60;3600;750;0.2;2500;ballistic;50BMG;50CalAmmo;0.388;1030;36000;120;820;8;-1;30;False
CROWS-30MM;US CROWS 30mm Gun Turret;BahamutoD & Kerwis;Kerbal Liberation Army;0.5;950;60;3600;625;0.05;2500;ballistic;30MM-Intelligent;30x173Ammo;0.388;1030;30000;200;6000;8;-1;30;False
M2HB;US M2HB HMG;BahamutoD & Kerwis;Kerbal Liberation Army;0.02;950;60;36000;550;0.3;2500;ballistic;50BMG;50CalAmmo;0.388;1030;36000;120;820;8;-1;30;False
theotomelara76compact;OTO Melara 76mm Compact;SPanner from original mesh by Themorris;MalFunc Industries;5.9;950;60;3600;100;0.2;16000;cannon;76x636mmBullet;76x636Ammo;0.388;1030;3600;100;1000;8;-1;30;True
thephalanx;Phalanx CIWS;Spanner /Themorris;MalFunc Industries;0.1;950;60;3600;4500;0.12;3000;ballistic;20x102mmBullet;20x102Ammo;0.388;1030;3600;12;820;8;-1;30;False
3XLASER;3XLASER;Johnny005611;Johnny005611;5;950;600;520000;850;1;5000;laser;def;ElectricCharge;0.388;1030;360000;1;20000;8;-1;30;False
AAMS;AAMS;Johnny005611;Johnny005611;10;3500;500;36000;10000;0.2;5000;ballistic;35mmAAMS;35mmAAMS;0.02;1560;360000;1;20000;8;-1;30;True
AAMSL;AAMSL;Johnny005611;Johnny005611;10;3500;500;36000;850;1;3500;laser;def;ElectricCharge;0.388;1030;360000;1;20000;8;-1;30;False
AAMSLM;AAMSLM;Johnny005611;Johnny005611;10;3500;500;36000;850;1;5000;laser;def;ElectricCharge;0.388;1030;360000;1;20000;8;-1;30;False
AAMSR;AAMSR;Johnny005611;Johnny005611;8;3500;500;36000;4000;0.2;5000;ballistic;35mmAAMS;35mmAAMS;0.02;1560;360000;1;20000;8;-1;30;True
NAS.BB.380M1935x4.FNFL;380 mm/45 Modèle 1935 Gun Quadruple Turret;BahamutoD & Kerwis;Kerbin Navy;1164;3600;1250;5600;1.8;0.72;16000;ballistic;15inchAPFRA;380Shells;0.388;1030;3600;400;740;8;-1;30;False
NAS.AA.DD.100x2.IJN;10 cm/65 Type 98 Dual-purpose Gun Turret;BahamutoD & Kerwis;Kerbin Navy;17.6;3000;1250;3400;12;0.62;14000;cannon;100mmHEJAP;CannonShells;0.388;1030;3400;200;350;8;-1;30;True
NAS.AA.MG.25Type96x3.IJN;Type 96 25 mm AT/AA Gun Triple Mount;BahamutoD & Kerwis;Kerbin Navy;0.9;140;60;2400;110;1.75;2000;ballistic;25mmAP;25x137Ammo;0.388;1030;2400;182;690;8;-1;30;False
NAS.BB.356x2.IJN;Vickers 14 inch/45 Naval Twin Turret;BahamutoD & Kerwis;Kerbin Navy;720;3500;1250;5600;1.5;0.64;27000;ballistic;14inchAPJAP;356Shells;0.388;1030;3600;0;740;8;-1;30;False
NAS.BB.410x2.IJN;41 cm/45 3rd Year Type Naval Gun;BahamutoD & Kerwis;Kerbin Navy;514;5000;1250;3400;2.5;0.69;25000;ballistic;16inchAPJAP;16inchShells;0.388;1030;3400;800;740;8;-1;30;False
NAS.BB.460x3.IJN;46 cm/45 Type 94 Naval Triple Turret;BahamutoD & Kerwis;Kerbin Navy;1390;12500;1500;3400;1.8;0.61;42030;ballistic;18inchAP;460Shells;0.388;1030;3400;800;740;8;-1;30;False
NAS.CA.203x2.IJN;20.3 cm/50 3rd Year No.3 Naval Gun;BahamutoD & Kerwis;Kerbin Navy;88;4000;1500;3400;4;0.29;20000;cannon;8inchAPJAP;203Shells;0.388;1030;3400;800;740;8;-1;30;False
NAS.CL.140x2.IJN;14 cm/50 3rd Year Type Naval Gun Twin Mount;BahamutoD & Kerwis;Kerbin Navy;48;3600;1250;5600;6;0.45;19100;ballistic;138-140mmAP;138_140Shells;0.388;1030;3600;500;740;8;-1;30;False
NAS.CL.155x3.IJN;15.5 cm/60 3rd Year Type Naval Gun Triple Mount;BahamutoD & Kerwis;Kerbin Navy;90.6;3600;1250;5600;5.5;0.43;20000;ballistic;6inchAPJAP;155Shells;0.388;1030;3600;500;740;8;-1;30;False
NAS.DD.127x2.IJN;12.7 cm/50 3rd Year Type Naval Gun Model C;BahamutoD & Kerwis;Kerbin Navy;16;2400;1250;3400;4.5;0.47;6400;cannon;5inchHEJAP;5/62Shell;0.388;1030;3400;0;740;8;-1;30;False
NAS.AA.MG.20FlaK38x4.KM;2 cm Flakvierling 38;BahamutoD & Kerwis;Kerbin Navy;1.2;420;60;2400;200;2.5;2200;ballistic;20mmAPShort;20x102Ammo;0.388;1030;2400;115;800;8;-1;30;False
NAS.AA.MG.37SKC30.KM;3.7 cm SK C/30 Anti-aircraft Gun Dual Mount;BahamutoD & Kerwis;Kerbin Navy;1.88;280;60;2600;30;1.25;4800;cannon;37mmFlaKGER;37mmFlaKAmmo;0.388;1030;2600;480;840;8;-1;30;True
NAS.AA.SC.105SKC33.KM;10.5 cm SK C/33;BahamutoD & Kerwis;Kerbin Navy;13.85;3000;1250;3400;15;0.46;12500;cannon;105mmHEGER;CannonShells;0.388;1030;3400;380;720;8;-1;30;True
NAS.BB.380x2.KM;38 cm SK C/34 Twin-turret;BahamutoD & Kerwis;Kerbin Navy;1050;4000;1250;3400;1.5;0.69;25000;ballistic;15inchAPGER;380Shells;0.388;1030;3400;0;740;8;-1;30;False
NAS.BC.283x3.KM;28 cm SK C/28 Triple Turret;BahamutoD & Kerwis;Kerbin Navy;1050;2700;1250;3400;2.5;0.57;25000;ballistic;11inchAPLong;11inShells;0.388;1030;3400;0;740;8;-1;30;False
NAS.CA.203x2.KM;20.3 cm SK C/34 Turret;BahamutoD & Kerwis;Kerbin Navy;134;4200;1250;3400;4.5;0.29;20000;ballistic;8inchAPGER;203Shells;0.388;1030;3400;0;740;8;-1;30;False
NAS.FD.356FortDrum.USA;14-inch M1909 Twin Turret (Fort Drum Type);BahamutoD & Kerwis;Kerbin Navy;640;3500;1600;5600;1.6;0.82;17556;cannon;14inchAPUS-Coastal;356Shells;0.388;1030;3600;200;740;8;-1;30;False
NAS.AA.MG.37Breda.RM;Cannone-Mitragliera da 37/54 (Breda) Model 1939;BahamutoD & Kerwis;Kerbin Navy;0.75;360;60;2600;120;0.75;4000;cannon;37mmFlaKITA;37mmFlaKAmmo;0.388;1030;2600;675;1300;8;-1;30;True
NAS.AA.SC.90A1938.RM;Cannone da 90 mm/50 Ansaldo Model 1938;BahamutoD & Kerwis;Kerbin Navy;9.6;3000;1250;3400;12;0.53;10800;cannon;90mmHEITA;90mmShells;0.388;1030;3400;380;720;8;-1;30;True
NAS.BB.381x3.RM;Cannone da 381/50 Ansaldo M1934;BahamutoD & Kerwis;Kerbin Navy;804;4500;1250;3400;1.3;0.61;28000;ballistic;15inchAPITA;380Shells;0.388;1030;3400;720;900;8;-1;30;False
NAS.AA.MG.40Boforsx2.RN;Bofors 40 mm L/60 (QF 40 mm Mk I Mount);BahamutoD & Kerwis;Kerbin Navy;2.5;450;60;2600;120;1;2400;cannon;40mmHEBofors;40x311Ammo;0.388;1030;2600;464;1700;8;-1;30;True
NAS.AA.MG.QF2pdrx8.RN;QF 2-pounder "Pom-pom" Mark VIA Mount;BahamutoD & Kerwis;Kerbin Navy;7.7;900;60;2600;96;2.5;1550;cannon;40mmHE2pdr;40x311Ammo;0.388;1030;2600;72;825;8;-1;30;True
NAS.BB.BL14Mk7x4.RN;BL 14 inch Mk VII Naval Gun Quad Mount;BahamutoD & Kerwis;Kerbin Navy;810;5700;1500;3400;2;0.63;27430;ballistic;14inchAPUK;356Shells;0.388;1030;3400;760;740;8;-1;30;False
NAS.BB.BL15Mk1x2.RN;BL 15 inch Mk I Naval Gun Twin Mount (Soviet Navy Painting);BahamutoD & Kerwis;Kerbin Navy;394;5000;1000;3400;2;0.65;26273;ballistic;15inchAPUK;380Shells;0.388;1030;3400;900;740;8;-1;30;False
NAS.BB.BL16MkIx3.RN;BL 16 inch Mk I Naval Gun Triple Turret;BahamutoD & Kerwis;Kerbin Navy;760;6400;1500;3400;1.5;0.63;27340;ballistic;16inchAPUK;16inchShells;0.388;1030;3400;750;740;8;-1;30;False
NAS.DD.QF45.RN;QF 4.5 inch Mk IV Naval Gun / Mk V Mount;BahamutoD & Kerwis;Kerbin Navy;5.7;1500;1000;2600;14;0.45;9120;cannon;4p5inchHE;4p5inchQFShells;0.388;1030;2600;300;740;8;-1;30;True
NAS.CD.105SKL40.CN;10.5 cm SK L/40 (Mitsubishi Version);BahamutoD & Kerwis;Kerbin Navy;3.9;1250;1250;3400;12;0.57;6700;cannon;105mmHECHN;CannonShells;0.388;1030;3400;340;740;8;-1;30;False
NAS.CL.BL6inMk21x2.ROCN;BL 6 inch Mk XXI Naval Gun;BahamutoD & Kerwis;Kerbin Navy;48.64;3600;1250;5600;7;0.39;20120;cannon;6inchHEUK;152Shells;0.388;1030;3600;640;740;8;-1;30;True
NAS.CL.KN152.ROCN;Kiangnan 152 mm Single Mount;BahamutoD & Kerwis;Kerbin Navy;20.5;1800;1250;5600;5.5;0.43;13500;ballistic;6inchAPCHN;152Shells;0.388;1030;3600;640;740;8;-1;30;False
NAS.AA.MG.66K.SN;37 mm/67 66-K Automatic Anti-aircraft Gun Turret;BahamutoD & Kerwis;Kerbin Navy;3.75;400;60;2600;145;1.25;4800;cannon;37mmFlaKUSSR;37mmFlaKAmmo;0.388;1030;2600;210;960;8;-1;30;True
NAS.AA.MG.DShK1938.SN;12.7 mm DShK 1938 Heavy Machine Gun Single Mount;BahamutoD & Kerwis;Kerbin Navy;0.15;36;60;2400;600;1;3500;ballistic;12.7mmUSSR;50CalAmmo;0.388;1030;2400;120;960;8;-1;30;False
NAS.CA.180B-1-P.SN;180 mm/57 B-1-P Turret;BahamutoD & Kerwis;Kerbin Navy;124;4800;1250;5600;5.5;0.42;27500;ballistic;180mmAPUSSR;180Shells;0.388;1030;3600;625;720;8;-1;30;False
NAS.DD.130B-2LM.SN;130 mm B-2LM Turret;BahamutoD & Kerwis;Kerbin Navy;24.7;3600;1250;5600;12;0.5;17200;cannon;130mmHEUSSR;130Shells;0.388;1030;3600;500;740;8;-1;30;False
NAS.AA.MG.20Oerlikonx2.USN;Oerlikon 20 mm L70 Cannon Mk 20 Twin Mount;BahamutoD & Kerwis;Kerbin Navy;0.3;140;60;2400;300;1.5;2500;ballistic;20mmAPLong;20x102Ammo;0.388;1030;2400;168;1200;8;-1;30;False
NAS.AA.MG.40Boforsx4.USN;Bofors 40 mm L/60 (Mark 4 Quad Mount);BahamutoD & Kerwis;Kerbin Navy;5.7;1000;90;3000;120;0.9;2500;cannon;40mmHEBofors;40x311Ammo;0.388;1030;3000;205;1500;8;-1;30;True
NAS.AA.MG.50M2HBx2.USN;M2HB Browning Machine Gun Twin Mount;BahamutoD & Kerwis;Kerbin Navy;0.05;50;60;2400;560;1.5;2500;ballistic;12.7mmBullet;50CalAmmo;0.388;1030;2400;115;960;8;-1;30;False
NAS.AA.SC.3inchMark21.USN;3-inch Naval Gun Mount Mark 21;BahamutoD & Kerwis;Kerbin Navy;1.8;400;800;3400;15;0.61;4150;cannon;3inchHELong;3inchShells;0.388;1030;3400;180;740;8;-1;30;True
NAS.BB.406x3Mk7.USN;16"/50 cal Mark 7 Gun Triple Turret;BahamutoD & Kerwis;Kerbin Navy;875;10000;1500;3400;2;0.54;32000;ballistic;16inchSHS;16inchShells;0.388;1030;3400;750;740;8;-1;30;False
NAS.CA.203x3Mk16.USN;8"/55 cal Mark 16 Gun Triple Turret;BahamutoD & Kerwis;Kerbin Navy;231;4800;1250;5600;10;0.36;23700;ballistic;8inchAPUS-QF;203Shells;0.388;1030;3600;500;740;8;-1;30;False
NAS.CB.12inx3Mk8.USN;12"/50 caliber Gun Mark 8 Triple Turret;BahamutoD & Kerwis;Kerbin Navy;475;4800;1400;3400;3;0.52;27432;ballistic;12inchAP;12inShells;0.388;1030;3600;500;740;8;-1;30;False
NAS.CL.152x3Mk16.USN;6"/47 caliber Mark 16 Gun Triple Turret;BahamutoD & Kerwis;Kerbin Navy;87;3600;1250;5600;10;0.39;14630;cannon;6inchHEUS;152Shells;0.388;1030;3600;400;720;8;-1;30;True
NAS.DD.127x2.USN;5"/38 cal Mk 12 Naval Gun Mark 28 Mod 0 Turret;BahamutoD & Kerwis;Kerbin Navy;36.2;4200;1250;3400;15;0.54;5000;cannon;5inchHEUS;5/62Shell;0.388;1030;3400;370;740;8;-1;30;True
NAS.DD.127.USN;5"/38 cal Mk 12 Naval Gun Mark 30 Turret;BahamutoD & Kerwis;Kerbin Navy;9.6;2000;1250;3400;15;0.54;5000;cannon;5inchHEUS;5/62Shell;0.388;1030;3400;0;740;8;-1;30;True
FA-18C;NMB-F/A-18C Cockpit;Bingo;Kerbal Battle Field;1.2;8888;80;2400;8000;0.65;2500;ballistic;20x102mmHEBullet;20x102Ammo;0.388;1030;3600;36;820;8;-1;30;False
centurion;Centurion Mk.10;BahamutoD;Bahamuto Dynamics;6;3500;125;3600;8;0.04;2000;ballistic;105MMTAPCBC;CannonShells;0.388;1030;3600;60;740;8;-1;30;False
ebr90;Panhard EBR-90;BahamutoD;Bahamuto Dynamics;3.4;3500;125;3600;7;0.04;8000;ballistic;90MMAP;CannonShells;0.388;1030;3600;60;740;8;-1;30;False
m41;m41;BahamutoD;Bahamuto Dynamics;3.6;3500;125;3600;7.5;0.04;2000;ballistic;76MMAP;CannonShells;0.388;1030;3600;60;740;8;-1;30;False
m48;m48;BahamutoD;Bahamuto Dynamics;5.6;3500;125;3600;6;0.04;2000;ballistic;90MMAP;CannonShells;0.388;1030;3600;60;740;8;-1;30;False
pt76;PT-76;BahamutoD;Bahamuto Dynamics;5.5;3500;125;3600;5.4;0.04;2000;ballistic;76MMAP;CannonShells;0.388;1030;3600;60;740;8;-1;30;False
t54;T-54;BahamutoD;Bahamuto Dynamics;5.4;3500;125;3600;6;0.05;2000;ballistic;100MMAPCBC;CannonShells;0.388;1030;3600;60;740;8;-1;30;False
t62;T-62;BahamutoD;Bahamuto Dynamics;6.2;3500;125;3600;5;0.04;2000;ballistic;115MMTAPCR;CannonShells;0.388;1030;3600;60;740;8;-1;30;False
MiniBot16S;MiniBot16S;SpannerMonkey;SM Solutions;3;3500;60;3600;900;0.65;1500;cannon;20x102mmHEBullet;20x102Ammo;0.388;1030;3600;36;1000;8;-1;30;False
SecuBot16;SecuBot16;SpannerMonkey;SM Armory;10;9500;60;3600;900;0.65;1500;cannon;20x102mmHEBullet;20x102Ammo;0.388;1030;3600;36;1000;8;-1;30;False
SecuBot16bad;SecuBot16bad;SpannerMonkey;SM Armory;10;9500;60;3600;900;0.65;1500;cannon;20x102mmHEBullet;20x102Ammo;0.388;1030;3600;36;1000;8;-1;30;False
